ID,Comentario
1,"Me encanta el ambiente de trabajo, todos son muy amigables y ayudan mucho."
2,"El salario está un poco por debajo del mercado, pero los beneficios son buenos."
3,"Siento que la carga de trabajo es excesiva últimamente y me genera mucho estrés."
4,"Los líderes siempre están disponibles para guiarte en los proyectos."
5,"Las instalaciones de la oficina necesitan mejorar, las sillas no son ergonómicas."
6,"Falta comunicación clara sobre los objetivos de la empresa a largo plazo."
7,"Buen equilibrio entre la vida laboral y personal."
8,"Me gustaría tener más oportunidades de desarrollo profesional y cursos."
9,"Excelente cultura de equipo, nos apoyamos mutuamente."
10,"El proceso de evaluación de desempeño fue injusto este año."
